{"cameraMode":{"drawMode":0,"name":"Shaded","section":"Shading Mode"},"sceneLighting":false,"audioPlay":false,"sceneViewState":{"showFog":true,"showMaterialUpdate":false,"showSkybox":false,"showFlares":true,"showImageEffects":true,"showParticleSystems":true},"in2DMode":false,"pivot":{"x":2.619999885559082,"y":0.6601343750953674,"z":-10.411932945251465},"rotation":{"x":0.14925245940685273,"y":-0.6901012063026428,"z":0.1487698256969452,"w":0.6923727989196777},"size":4.4537577629089359,"orthographic":false}