{"cameraMode":{"drawMode":0,"name":"Shaded","section":"Shading Mode"},"sceneLighting":false,"audioPlay":false,"sceneViewState":{"showFog":true,"showMaterialUpdate":true,"showSkybox":false,"showFlares":true,"showImageEffects":true,"showParticleSystems":true},"in2DMode":false,"pivot":{"x":-20.880512237548829,"y":22.120235443115236,"z":-42.03937530517578},"rotation":{"x":-0.11040828377008438,"y":0.7495657205581665,"z":-0.12949497997760774,"w":-0.6397229433059692},"size":80.97509765625,"orthographic":true}