{"cameraMode":{"drawMode":0,"name":"Shaded","section":"Shading Mode"},"sceneLighting":true,"audioPlay":false,"sceneViewState":{"showFog":true,"showMaterialUpdate":true,"showSkybox":false,"showFlares":true,"showImageEffects":true,"showParticleSystems":true},"in2DMode":false,"pivot":{"x":-32.03083038330078,"y":41.06615447998047,"z":-57.9055290222168},"rotation":{"x":-0.20402900874614716,"y":-0.017334910109639169,"z":0.003617972834035754,"w":-0.9788230657577515},"size":17.46745491027832,"orthographic":false}