{"cameraMode":{"drawMode":0,"name":"Shaded","section":"Shading Mode"},"sceneLighting":false,"audioPlay":false,"sceneViewState":{"showFog":true,"showMaterialUpdate":true,"showSkybox":false,"showFlares":true,"showImageEffects":true,"showParticleSystems":true},"in2DMode":false,"pivot":{"x":0.21465730667114259,"y":1.9698389768600464,"z":0.421040415763855},"rotation":{"x":-0.0012809413019567729,"y":0.9986028671264648,"z":0.029971575364470483,"w":0.04465050250291824},"size":4.823797702789307,"orthographic":false}