{"cameraMode":{"drawMode":0,"name":"Shaded","section":"Shading Mode"},"sceneLighting":false,"audioPlay":false,"sceneViewState":{"showFog":true,"showMaterialUpdate":true,"showSkybox":false,"showFlares":true,"showImageEffects":true,"showParticleSystems":true},"in2DMode":false,"pivot":{"x":-18.829999923706056,"y":23.34000015258789,"z":-18.450000762939454},"rotation":{"x":0.032161008566617969,"y":-0.5649561882019043,"z":0.022044630721211435,"w":0.8242030739784241},"size":2.4695026874542238,"orthographic":true}