{"cameraMode":{"drawMode":0,"name":"Shaded","section":"Shading Mode"},"sceneLighting":false,"audioPlay":false,"sceneViewState":{"showFog":true,"showMaterialUpdate":false,"showSkybox":true,"showFlares":true,"showImageEffects":true,"showParticleSystems":true},"in2DMode":false,"pivot":{"x":-12.539999961853028,"y":5.889999866485596,"z":0.5600000023841858},"rotation":{"x":-0.10786445438861847,"y":-0.7239169478416443,"z":0.11633080244064331,"w":-0.6714565753936768},"size":22.0,"orthographic":false}