{"cameraMode":{"drawMode":0,"name":"Shaded","section":"Shading Mode"},"sceneLighting":true,"audioPlay":false,"sceneViewState":{"showFog":true,"showMaterialUpdate":true,"showSkybox":true,"showFlares":true,"showImageEffects":true,"showParticleSystems":true},"in2DMode":false,"pivot":{"x":-7.0747971534729,"y":6.068285942077637,"z":-5.877027988433838},"rotation":{"x":-0.10329338908195496,"y":0.02117433212697506,"z":-0.0022029802203178407,"w":-0.9944370985031128},"size":22.0,"orthographic":false}