{"cameraMode":{"drawMode":0,"name":"Shaded","section":"Shading Mode"},"sceneLighting":true,"audioPlay":false,"sceneViewState":{"showFog":true,"showMaterialUpdate":false,"showSkybox":true,"showFlares":true,"showImageEffects":true,"showParticleSystems":true},"in2DMode":false,"pivot":{"x":1.6338984966278077,"y":-0.3471755385398865,"z":-0.5013519525527954},"rotation":{"x":0.22793272137641908,"y":-0.054738666862249377,"z":0.012847126461565495,"w":0.9720649719238281},"size":6.832338809967041,"orthographic":false}