{"cameraMode":{"drawMode":0,"name":"Shaded","section":"Shading Mode"},"sceneLighting":false,"audioPlay":false,"sceneViewState":{"showFog":true,"showMaterialUpdate":true,"showSkybox":false,"showFlares":true,"showImageEffects":true,"showParticleSystems":true},"in2DMode":false,"pivot":{"x":47.737152099609378,"y":2.0779123306274416,"z":-22.168853759765626},"rotation":{"x":0.17241941392421723,"y":0.6757201552391052,"z":-0.1515119969844818,"w":0.7005553841590881},"size":22.86098289489746,"orthographic":false}