{"cameraMode":{"drawMode":0,"name":"Shaded","section":"Shading Mode"},"sceneLighting":true,"audioPlay":false,"sceneViewState":{"showFog":true,"showMaterialUpdate":true,"showSkybox":true,"showFlares":true,"showImageEffects":true,"showParticleSystems":true},"in2DMode":false,"pivot":{"x":45.04467010498047,"y":6.667441368103027,"z":-9.684663772583008},"rotation":{"x":0.20697292685508729,"y":-0.6215701699256897,"z":0.175039604306221,"w":0.7349658608436585},"size":53.98569869995117,"orthographic":false}