{"cameraMode":{"drawMode":0,"name":"Shaded","section":"Shading Mode"},"sceneLighting":true,"audioPlay":false,"sceneViewState":{"showFog":true,"showMaterialUpdate":true,"showSkybox":true,"showFlares":true,"showImageEffects":true,"showParticleSystems":true},"in2DMode":false,"pivot":{"x":-10.264384269714356,"y":-0.5785152912139893,"z":2.755732774734497},"rotation":{"x":-0.16666622459888459,"y":-0.5192673206329346,"z":0.09120398759841919,"w":-0.8332270979881287},"size":17.450654983520509,"orthographic":false}