{"cameraMode":{"drawMode":0,"name":"Shaded","section":"Shading Mode"},"sceneLighting":false,"audioPlay":false,"sceneViewState":{"showFog":true,"showMaterialUpdate":true,"showSkybox":false,"showFlares":true,"showImageEffects":true,"showParticleSystems":true},"in2DMode":false,"pivot":{"x":15.40964412689209,"y":15.750999450683594,"z":-39.2904052734375},"rotation":{"x":0.026851391419768335,"y":-0.7581531405448914,"z":-0.04756934195756912,"w":-0.6498046517372131},"size":2.7558786869049074,"orthographic":true}