{"cameraMode":{"drawMode":0,"name":"Shaded","section":"Shading Mode"},"sceneLighting":true,"audioPlay":false,"sceneViewState":{"showFog":true,"showMaterialUpdate":true,"showSkybox":true,"showFlares":true,"showImageEffects":true,"showParticleSystems":true},"in2DMode":false,"pivot":{"x":1.2999999523162842,"y":2.0999999046325685,"z":8.899999618530274},"rotation":{"x":0.01875300332903862,"y":0.9164360165596008,"z":0.04319081827998161,"w":-0.3974539637565613},"size":4.041658401489258,"orthographic":false}