{"cameraMode":{"drawMode":0,"name":"Shaded","section":"Shading Mode"},"sceneLighting":true,"audioPlay":false,"sceneViewState":{"showFog":true,"showMaterialUpdate":true,"showSkybox":true,"showFlares":true,"showImageEffects":true,"showParticleSystems":true},"in2DMode":false,"pivot":{"x":22.704448699951173,"y":4.720099449157715,"z":-3.320204496383667},"rotation":{"x":-0.034030430018901828,"y":0.4619652330875397,"z":-0.017765749245882036,"w":-0.8860911726951599},"size":4.417436599731445,"orthographic":false}