{"cameraMode":{"drawMode":0,"name":"Shaded","section":"Shading Mode"},"sceneLighting":true,"audioPlay":false,"sceneViewState":{"showFog":true,"showMaterialUpdate":true,"showSkybox":true,"showFlares":true,"showImageEffects":true,"showParticleSystems":true},"in2DMode":false,"pivot":{"x":-99.61803436279297,"y":5.60698127746582,"z":15.88974380493164},"rotation":{"x":-0.260903537273407,"y":-0.017089538276195527,"z":0.004619180224835873,"w":-0.9652035236358643},"size":135.669921875,"orthographic":false}