{"cameraMode":{"drawMode":0,"name":"Shaded","section":"Shading Mode"},"sceneLighting":false,"audioPlay":false,"sceneViewState":{"showFog":true,"showMaterialUpdate":false,"showSkybox":true,"showFlares":true,"showImageEffects":true,"showParticleSystems":true},"in2DMode":false,"pivot":{"x":2.9763691425323488,"y":0.705984354019165,"z":-4.833186149597168},"rotation":{"x":-0.14883959293365479,"y":-0.682582437992096,"z":0.14500807225704194,"w":-0.7006535530090332},"size":9.421483039855957,"orthographic":false}