{"cameraMode":{"drawMode":0,"name":"Shaded","section":"Shading Mode"},"sceneLighting":false,"audioPlay":false,"sceneViewState":{"showFog":true,"showMaterialUpdate":true,"showSkybox":false,"showFlares":true,"showImageEffects":true,"showParticleSystems":true},"in2DMode":false,"pivot":{"x":-0.039463043212890628,"y":0.04698103666305542,"z":0.8133373260498047},"rotation":{"x":-0.10516297817230225,"y":0.7382125854492188,"z":-0.1183650940656662,"w":-0.6557496190071106},"size":2.8578836917877199,"orthographic":false}