{"cameraMode":{"drawMode":0,"name":"Shaded","section":"Shading Mode"},"sceneLighting":false,"audioPlay":false,"sceneViewState":{"showFog":true,"showMaterialUpdate":false,"showSkybox":true,"showFlares":true,"showImageEffects":true,"showParticleSystems":true},"in2DMode":false,"pivot":{"x":-2.306795120239258,"y":-0.22822311520576478,"z":-0.017012953758239747},"rotation":{"x":-0.10786445438861847,"y":-0.7239169478416443,"z":0.11633080244064331,"w":-0.6714565753936768},"size":4.578189373016357,"orthographic":false}