{"cameraMode":{"drawMode":0,"name":"Shaded","section":"Shading Mode"},"sceneLighting":false,"audioPlay":false,"sceneViewState":{"showFog":true,"showMaterialUpdate":true,"showSkybox":false,"showFlares":true,"showImageEffects":true,"showParticleSystems":true},"in2DMode":false,"pivot":{"x":64.38951873779297,"y":9.389999389648438,"z":-24.18602752685547},"rotation":{"x":-0.004041656851768494,"y":0.9693964123725891,"z":-0.015996763482689859,"w":-0.2449474185705185},"size":14.27717113494873,"orthographic":true}