{"cameraMode":{"drawMode":0,"name":"Shaded","section":"Shading Mode"},"sceneLighting":true,"audioPlay":false,"sceneViewState":{"showFog":true,"showMaterialUpdate":true,"showSkybox":true,"showFlares":true,"showImageEffects":true,"showParticleSystems":true},"in2DMode":false,"pivot":{"x":11.199613571166993,"y":-2.125690460205078,"z":8.75819206237793},"rotation":{"x":-0.16666622459888459,"y":-0.5192673206329346,"z":0.09120398759841919,"w":-0.8332270979881287},"size":34.83032989501953,"orthographic":false}