{"cameraMode":{"drawMode":0,"name":"Shaded","section":"Shading Mode"},"sceneLighting":false,"audioPlay":false,"sceneViewState":{"showFog":true,"showMaterialUpdate":true,"showSkybox":false,"showFlares":true,"showImageEffects":true,"showParticleSystems":true},"in2DMode":false,"pivot":{"x":0.6100000143051148,"y":1.2720459699630738,"z":0.7001836895942688},"rotation":{"x":0.07456783205270767,"y":-0.575536847114563,"z":0.05280729755759239,"w":0.8126769065856934},"size":7.424148082733154,"orthographic":false}