{"cameraMode":{"drawMode":0,"name":"Shaded","section":"Shading Mode"},"sceneLighting":true,"audioPlay":false,"sceneViewState":{"showFog":true,"showMaterialUpdate":true,"showSkybox":true,"showFlares":true,"showImageEffects":true,"showParticleSystems":true},"in2DMode":false,"pivot":{"x":-101.57479095458985,"y":41.950225830078128,"z":8.035717964172364},"rotation":{"x":-0.18854154646396638,"y":-0.30200573801994326,"z":0.06105896458029747,"w":-0.9324915409088135},"size":9.91662311553955,"orthographic":false}