{"cameraMode":{"drawMode":0,"name":"Shaded","section":"Shading Mode"},"sceneLighting":false,"audioPlay":false,"sceneViewState":{"showFog":true,"showMaterialUpdate":true,"showSkybox":false,"showFlares":true,"showImageEffects":true,"showParticleSystems":true},"in2DMode":false,"pivot":{"x":204.3249969482422,"y":367.2250061035156,"z":0.0},"rotation":{"x":-0.02697771042585373,"y":0.03776809945702553,"z":-0.0010313884122297168,"w":-0.9989382028579712},"size":702.1366577148438,"orthographic":false}