{"cameraMode":{"drawMode":0,"name":"Shaded","section":"Shading Mode"},"sceneLighting":false,"audioPlay":false,"sceneViewState":{"showFog":true,"showMaterialUpdate":true,"showSkybox":false,"showFlares":true,"showImageEffects":true,"showParticleSystems":true},"in2DMode":false,"pivot":{"x":-5.269999980926514,"y":0.3999999761581421,"z":0.0},"rotation":{"x":0.007040080148726702,"y":0.9900151491165161,"z":-0.053513020277023318,"w":0.1302330642938614},"size":7.692648887634277,"orthographic":false}