{"cameraMode":{"drawMode":0,"name":"Shaded","section":"Shading Mode"},"sceneLighting":false,"audioPlay":false,"sceneViewState":{"showFog":true,"showMaterialUpdate":false,"showSkybox":true,"showFlares":true,"showImageEffects":true,"showParticleSystems":true},"in2DMode":false,"pivot":{"x":2.9338982105255129,"y":-0.3292815089225769,"z":-7.384396553039551},"rotation":{"x":-0.35547712445259097,"y":-0.36199039220809939,"z":0.15170010924339295,"w":-0.8482936024665833},"size":17.406282424926759,"orthographic":false}