{"cameraMode":{"drawMode":0,"name":"Shaded","section":"Shading Mode"},"sceneLighting":true,"audioPlay":false,"sceneViewState":{"showFog":true,"showMaterialUpdate":true,"showSkybox":true,"showFlares":true,"showImageEffects":true,"showParticleSystems":true},"in2DMode":false,"pivot":{"x":-63.82244110107422,"y":31.917675018310548,"z":-28.4232234954834},"rotation":{"x":0.17267045378684998,"y":0.6149381995201111,"z":-0.14036068320274354,"w":0.7565486431121826},"size":127.90515899658203,"orthographic":false}