{"cameraMode":{"drawMode":0,"name":"Shaded","section":"Shading Mode"},"sceneLighting":false,"audioPlay":false,"sceneViewState":{"showFog":true,"showMaterialUpdate":false,"showSkybox":true,"showFlares":true,"showImageEffects":true,"showParticleSystems":true},"in2DMode":false,"pivot":{"x":-1.0961053371429444,"y":1.1055458784103394,"z":-0.31477218866348269},"rotation":{"x":-0.13934433460235597,"y":0.01419399306178093,"z":-0.0019941136706620456,"w":-0.990170419216156},"size":15.502172470092774,"orthographic":false}