{"cameraMode":{"drawMode":0,"name":"Shaded","section":"Shading Mode"},"sceneLighting":false,"audioPlay":false,"sceneViewState":{"showFog":true,"showMaterialUpdate":false,"showSkybox":false,"showFlares":true,"showImageEffects":true,"showParticleSystems":true},"in2DMode":false,"pivot":{"x":57.578060150146487,"y":9.999202728271485,"z":-16.518585205078126},"rotation":{"x":-0.4163779616355896,"y":0.0793444961309433,"z":-0.04785437509417534,"w":-0.9044851660728455},"size":14.196451187133789,"orthographic":false}