{"cameraMode":{"drawMode":0,"name":"Shaded","section":"Shading Mode"},"sceneLighting":false,"audioPlay":false,"sceneViewState":{"showFog":true,"showMaterialUpdate":true,"showSkybox":false,"showFlares":true,"showImageEffects":true,"showParticleSystems":true},"in2DMode":false,"pivot":{"x":15.40964412689209,"y":15.750999450683594,"z":-39.2904052734375},"rotation":{"x":-0.08529893308877945,"y":-0.3548198938369751,"z":0.021181996911764146,"w":-0.9308084845542908},"size":2.7558786869049074,"orthographic":true}