{"cameraMode":{"drawMode":0,"name":"Shaded","section":"Shading Mode"},"sceneLighting":false,"audioPlay":false,"sceneViewState":{"showFog":true,"showMaterialUpdate":true,"showSkybox":false,"showFlares":true,"showImageEffects":true,"showParticleSystems":true},"in2DMode":false,"pivot":{"x":-0.6899999976158142,"y":0.4099999666213989,"z":0.0},"rotation":{"x":0.22591863572597505,"y":-0.3020491600036621,"z":0.07391545921564102,"w":0.923184871673584},"size":3.589715003967285,"orthographic":false}