{"cameraMode":{"drawMode":0,"name":"Shaded","section":"Shading Mode"},"sceneLighting":true,"audioPlay":false,"sceneViewState":{"showFog":true,"showMaterialUpdate":true,"showSkybox":true,"showFlares":true,"showImageEffects":true,"showParticleSystems":true},"in2DMode":false,"pivot":{"x":-101.57479095458985,"y":41.950225830078128,"z":8.035717964172364},"rotation":{"x":0.036746907979249957,"y":0.19832809269428254,"z":0.00743434252217412,"w":-0.9794313311576843},"size":33.90119552612305,"orthographic":false}