{"cameraMode":{"drawMode":0,"name":"Shaded","section":"Shading Mode"},"sceneLighting":false,"audioPlay":false,"sceneViewState":{"showFog":true,"showMaterialUpdate":true,"showSkybox":false,"showFlares":true,"showImageEffects":true,"showParticleSystems":true},"in2DMode":false,"pivot":{"x":0.5299999713897705,"y":0.9500000476837158,"z":0.0},"rotation":{"x":0.00549831660464406,"y":0.9931394457817078,"z":-0.10466331988573075,"w":0.052191369235515597},"size":4.041658401489258,"orthographic":false}