{"cameraMode":{"drawMode":0,"name":"Shaded","section":"Shading Mode"},"sceneLighting":false,"audioPlay":false,"sceneViewState":{"showFog":true,"showMaterialUpdate":false,"showSkybox":true,"showFlares":true,"showImageEffects":true,"showParticleSystems":true},"in2DMode":false,"pivot":{"x":2.9338982105255129,"y":-0.3471755385398865,"z":-10.631351470947266},"rotation":{"x":0.08966657519340515,"y":0.9034342765808106,"z":-0.23195882141590119,"w":0.3492315709590912},"size":6.832338333129883,"orthographic":false}