{"cameraMode":{"drawMode":0,"name":"Shaded","section":"Shading Mode"},"sceneLighting":false,"audioPlay":false,"sceneViewState":{"showFog":true,"showMaterialUpdate":false,"showSkybox":true,"showFlares":true,"showImageEffects":true,"showParticleSystems":true},"in2DMode":false,"pivot":{"x":3.0878100395202638,"y":-1.4675047397613526,"z":-10.761438369750977},"rotation":{"x":0.5581248998641968,"y":0.40977975726127627,"z":-0.36880844831466677,"w":0.6201275587081909},"size":16.726318359375,"orthographic":false}