{"cameraMode":{"drawMode":0,"name":"Shaded","section":"Shading Mode"},"sceneLighting":true,"audioPlay":false,"sceneViewState":{"showFog":true,"showMaterialUpdate":true,"showSkybox":false,"showFlares":true,"showImageEffects":true,"showParticleSystems":true},"in2DMode":false,"pivot":{"x":34.141292572021487,"y":-787.910400390625,"z":410.7345886230469},"rotation":{"x":-0.3156902492046356,"y":0.29648178815841677,"z":-0.10454351454973221,"w":-0.8952893614768982},"size":2018.880126953125,"orthographic":false}