{"cameraMode":{"drawMode":0,"name":"Shaded","section":"Shading Mode"},"sceneLighting":true,"audioPlay":false,"sceneViewState":{"showFog":true,"showMaterialUpdate":true,"showSkybox":true,"showFlares":true,"showImageEffects":true,"showParticleSystems":true},"in2DMode":false,"pivot":{"x":50.42999267578125,"y":11.967817306518555,"z":-40.0575065612793},"rotation":{"x":-0.01863374561071396,"y":-0.9798579216003418,"z":0.1655714064836502,"w":-0.11008398234844208},"size":13.000001907348633,"orthographic":false}