{"cameraMode":{"drawMode":0,"name":"Shaded","section":"Shading Mode"},"sceneLighting":true,"audioPlay":false,"sceneViewState":{"showFog":true,"showMaterialUpdate":true,"showSkybox":true,"showFlares":true,"showImageEffects":true,"showParticleSystems":true},"in2DMode":false,"pivot":{"x":0.0,"y":0.34130990505218508,"z":9.53443431854248},"rotation":{"x":-0.06782345473766327,"y":-0.30290091037750246,"z":0.01050555519759655,"w":-0.9505594968795776},"size":9.310393333435059,"orthographic":true}