{"cameraMode":{"drawMode":0,"name":"Shaded","section":"Shading Mode"},"sceneLighting":false,"audioPlay":false,"sceneViewState":{"showFog":true,"showMaterialUpdate":false,"showSkybox":false,"showFlares":true,"showImageEffects":true,"showParticleSystems":true},"in2DMode":false,"pivot":{"x":52.55544662475586,"y":11.0,"z":-13.600000381469727},"rotation":{"x":-0.002856314182281494,"y":0.9105389714241028,"z":-0.4122889041900635,"w":-0.03115406259894371},"size":25.276262283325197,"orthographic":false}