{"cameraMode":{"drawMode":0,"name":"Shaded","section":"Shading Mode"},"sceneLighting":false,"audioPlay":false,"sceneViewState":{"showFog":true,"showMaterialUpdate":false,"showSkybox":false,"showFlares":true,"showImageEffects":true,"showParticleSystems":true},"in2DMode":false,"pivot":{"x":2.6886932849884035,"y":0.054361313581466678,"z":-7.36738395690918},"rotation":{"x":-0.006635005120187998,"y":-0.726850688457489,"z":-0.007044478785246611,"w":0.6867507696151733},"size":17.418209075927736,"orthographic":false}