{"cameraMode":{"drawMode":0,"name":"Shaded","section":"Shading Mode"},"sceneLighting":false,"audioPlay":false,"sceneViewState":{"showFog":true,"showMaterialUpdate":true,"showSkybox":false,"showFlares":true,"showImageEffects":true,"showParticleSystems":true},"in2DMode":false,"pivot":{"x":-0.47446107864379885,"y":1.4972156286239625,"z":0.05999999865889549},"rotation":{"x":0.5194880962371826,"y":-0.16412882506847382,"z":0.10245037078857422,"w":0.8322922587394714},"size":4.653570175170898,"orthographic":false}