{"cameraMode":{"drawMode":0,"name":"Shaded","section":"Shading Mode"},"sceneLighting":true,"audioPlay":false,"sceneViewState":{"showFog":true,"showMaterialUpdate":true,"showSkybox":true,"showFlares":true,"showImageEffects":true,"showParticleSystems":true},"in2DMode":false,"pivot":{"x":15.40964412689209,"y":15.750999450683594,"z":-39.2904052734375},"rotation":{"x":-0.2641425132751465,"y":-0.08106724172830582,"z":0.011298615485429764,"w":-0.9610153436660767},"size":16.778738021850587,"orthographic":true}