{"cameraMode":{"drawMode":0,"name":"Shaded","section":"Shading Mode"},"sceneLighting":true,"audioPlay":false,"sceneViewState":{"showFog":true,"showMaterialUpdate":true,"showSkybox":true,"showFlares":true,"showImageEffects":true,"showParticleSystems":true},"in2DMode":false,"pivot":{"x":-96.03241729736328,"y":40.56476593017578,"z":-16.385459899902345},"rotation":{"x":0.4058343768119812,"y":-0.4193340539932251,"z":0.2175111025571823,"w":0.7823982834815979},"size":60.33371353149414,"orthographic":false}