{"cameraMode":{"drawMode":0,"name":"Shaded","section":"Shading Mode"},"sceneLighting":true,"audioPlay":false,"sceneViewState":{"showFog":true,"showMaterialUpdate":true,"showSkybox":true,"showFlares":true,"showImageEffects":true,"showParticleSystems":true},"in2DMode":false,"pivot":{"x":23.019071578979493,"y":5.900000095367432,"z":-18.25},"rotation":{"x":0.13306407630443574,"y":-0.34592291712760928,"z":0.04963044077157974,"w":0.9274527430534363},"size":55.296775817871097,"orthographic":false}