{"cameraMode":{"drawMode":0,"name":"Shaded","section":"Shading Mode"},"sceneLighting":true,"audioPlay":false,"sceneViewState":{"showFog":true,"showMaterialUpdate":false,"showSkybox":true,"showFlares":true,"showImageEffects":true,"showParticleSystems":true},"in2DMode":false,"pivot":{"x":-31.299999237060548,"y":2.4000000953674318,"z":0.5},"rotation":{"x":-0.05823228135704994,"y":0.9417346715927124,"z":-0.23826847970485688,"w":-0.23015782237052918},"size":73.94766235351563,"orthographic":false}