{"cameraMode":{"drawMode":0,"name":"Shaded","section":"Shading Mode"},"sceneLighting":false,"audioPlay":false,"sceneViewState":{"showFog":true,"showMaterialUpdate":false,"showSkybox":false,"showFlares":true,"showImageEffects":true,"showParticleSystems":true},"in2DMode":false,"pivot":{"x":0.049798011779785159,"y":9.659954071044922,"z":0.6257343292236328},"rotation":{"x":0.034850869327783588,"y":0.7753969430923462,"z":0.04276963695883751,"w":-0.6291855573654175},"size":59.21851348876953,"orthographic":false}