{"cameraMode":{"drawMode":0,"name":"Shaded","section":"Shading Mode"},"sceneLighting":false,"audioPlay":false,"sceneViewState":{"showFog":true,"showMaterialUpdate":false,"showSkybox":false,"showFlares":true,"showImageEffects":true,"showParticleSystems":true},"in2DMode":false,"pivot":{"x":0.3597240447998047,"y":10.510190963745118,"z":1.6854863166809083},"rotation":{"x":-0.029430383816361429,"y":0.1295872926712036,"z":0.003936735447496176,"w":0.991205096244812},"size":31.05402374267578,"orthographic":false}