{"cameraMode":{"drawMode":0,"name":"Shaded","section":"Shading Mode"},"sceneLighting":true,"audioPlay":false,"sceneViewState":{"showFog":true,"showMaterialUpdate":false,"showSkybox":true,"showFlares":true,"showImageEffects":true,"showParticleSystems":true},"in2DMode":false,"pivot":{"x":136.36038208007813,"y":21.220218658447267,"z":299.98101806640627},"rotation":{"x":-0.16217119991779328,"y":-0.8351150155067444,"z":0.40802085399627688,"w":-0.3315788209438324},"size":47.73834228515625,"orthographic":false}