{"cameraMode":{"drawMode":0,"name":"Shaded","section":"Shading Mode"},"sceneLighting":false,"audioPlay":false,"sceneViewState":{"showFog":true,"showMaterialUpdate":true,"showSkybox":true,"showFlares":true,"showImageEffects":true,"showParticleSystems":true},"in2DMode":false,"pivot":{"x":-2.2268285751342775,"y":-6.3978471755981449,"z":-31.06180191040039},"rotation":{"x":-0.19776073098182679,"y":-0.3903912305831909,"z":0.08648448437452316,"w":-0.8951347470283508},"size":112.24227905273438,"orthographic":false}