{"cameraMode":{"drawMode":0,"name":"Shaded","section":"Shading Mode"},"sceneLighting":false,"audioPlay":false,"sceneViewState":{"showFog":true,"showMaterialUpdate":false,"showSkybox":false,"showFlares":true,"showImageEffects":true,"showParticleSystems":true},"in2DMode":false,"pivot":{"x":220.92919921875,"y":-20.00157928466797,"z":170.318603515625},"rotation":{"x":0.12412162125110626,"y":0.4387860894203186,"z":-0.06134295091032982,"w":0.8878651261329651},"size":7.731660842895508,"orthographic":false}