{"cameraMode":{"drawMode":0,"name":"Shaded","section":"Shading Mode"},"sceneLighting":true,"audioPlay":false,"sceneViewState":{"showFog":false,"showMaterialUpdate":false,"showSkybox":false,"showFlares":false,"showImageEffects":false,"showParticleSystems":false},"in2DMode":false,"pivot":{"x":-2.13731050491333,"y":-0.8217122554779053,"z":1.1193218231201172},"rotation":{"x":-0.9890531897544861,"y":-0.010840124450623989,"z":-0.11201932281255722,"w":0.09552598744630814},"size":5.9605584144592289,"orthographic":false}