{"cameraMode":{"drawMode":0,"name":"Shaded","section":"Shading Mode"},"sceneLighting":true,"audioPlay":false,"sceneViewState":{"showFog":false,"showMaterialUpdate":false,"showSkybox":false,"showFlares":false,"showImageEffects":false,"showParticleSystems":false},"in2DMode":false,"pivot":{"x":8.150245633942177e-8,"y":4.5200300216674809,"z":-0.00590062141418457},"rotation":{"x":0.03427990525960922,"y":0.07132011651992798,"z":-0.0046835909597575668,"w":0.9970560073852539},"size":4.046993732452393,"orthographic":false}