{"cameraMode":{"drawMode":0,"name":"Shaded","section":"Shading Mode"},"sceneLighting":false,"audioPlay":false,"sceneViewState":{"showFog":true,"showMaterialUpdate":false,"showSkybox":false,"showFlares":true,"showImageEffects":true,"showParticleSystems":true},"in2DMode":false,"pivot":{"x":0.02930450439453125,"y":0.17693328857421876,"z":0.6522669196128845},"rotation":{"x":0.09837450832128525,"y":-0.780454158782959,"z":0.1270689219236374,"w":0.6042104363441467},"size":8.469989776611329,"orthographic":false}