{"cameraMode":{"drawMode":0,"name":"Shaded","section":"Shading Mode"},"sceneLighting":true,"audioPlay":false,"sceneViewState":{"showFog":true,"showMaterialUpdate":false,"showSkybox":true,"showFlares":true,"showImageEffects":true,"showParticleSystems":true},"in2DMode":false,"pivot":{"x":221.46217346191407,"y":5.995155334472656,"z":454.8954162597656},"rotation":{"x":-0.05838416516780853,"y":0.9433297514915466,"z":-0.24846459925174714,"w":-0.21303942799568177},"size":85.64261627197266,"orthographic":false}