{"cameraMode":{"drawMode":0,"name":"Shaded","section":"Shading Mode"},"sceneLighting":true,"audioPlay":false,"sceneViewState":{"showFog":true,"showMaterialUpdate":false,"showSkybox":true,"showFlares":true,"showImageEffects":true,"showParticleSystems":true},"in2DMode":false,"pivot":{"x":-31.299999237060548,"y":2.4000000953674318,"z":0.5},"rotation":{"x":0.11590442806482315,"y":0.8669657111167908,"z":-0.23798894882202149,"w":0.42232125997543337},"size":5.617191314697266,"orthographic":true}