{"cameraMode":{"drawMode":0,"name":"Shaded","section":"Shading Mode"},"sceneLighting":true,"audioPlay":false,"sceneViewState":{"showFog":true,"showMaterialUpdate":false,"showSkybox":false,"showFlares":true,"showImageEffects":true,"showParticleSystems":true},"in2DMode":false,"pivot":{"x":-2.0894250869750978,"y":-0.2169935703277588,"z":1.0732409954071046},"rotation":{"x":-0.984501302242279,"y":0.014584428630769253,"z":0.10049322992563248,"w":0.1430463343858719},"size":5.9605584144592289,"orthographic":false}