{"cameraMode":{"drawMode":0,"name":"Shaded","section":"Shading Mode"},"sceneLighting":true,"audioPlay":false,"sceneViewState":{"showFog":true,"showMaterialUpdate":false,"showSkybox":true,"showFlares":true,"showImageEffects":true,"showParticleSystems":true},"in2DMode":false,"pivot":{"x":291.4693298339844,"y":92.19999694824219,"z":238.332275390625},"rotation":{"x":0.008608491159975529,"y":0.9881216883659363,"z":-0.14179883897304536,"w":0.060259733349084857},"size":40.324745178222659,"orthographic":false}