{"cameraMode":{"drawMode":0,"name":"Shaded","section":"Shading Mode"},"sceneLighting":false,"audioPlay":false,"sceneViewState":{"showFog":true,"showMaterialUpdate":false,"showSkybox":false,"showFlares":true,"showImageEffects":true,"showParticleSystems":true},"in2DMode":false,"pivot":{"x":196.5915069580078,"y":0.33012819290161135,"z":68.03204345703125},"rotation":{"x":0.7100374102592468,"y":-0.2365962266921997,"z":-0.6015899777412415,"w":-0.2792341709136963},"size":11.814743995666504,"orthographic":false}