{"cameraMode":{"drawMode":0,"name":"Shaded","section":"Shading Mode"},"sceneLighting":true,"audioPlay":false,"sceneViewState":{"showFog":true,"showMaterialUpdate":false,"showSkybox":true,"showFlares":true,"showImageEffects":true,"showParticleSystems":true},"in2DMode":false,"pivot":{"x":277.7201232910156,"y":72.62000274658203,"z":232.1241455078125},"rotation":{"x":0.02894301526248455,"y":-0.8569772243499756,"z":0.04837086796760559,"w":0.5122904777526856},"size":67.14700317382813,"orthographic":false}