{"cameraMode":{"drawMode":0,"name":"Shaded","section":"Shading Mode"},"sceneLighting":true,"audioPlay":false,"sceneViewState":{"showFog":true,"showMaterialUpdate":false,"showSkybox":false,"showFlares":true,"showImageEffects":true,"showParticleSystems":true},"in2DMode":false,"pivot":{"x":-10.665205001831055,"y":-1.3287770748138428,"z":2.027778387069702},"rotation":{"x":0.07214798778295517,"y":0.9270323514938355,"z":-0.23870578408241273,"w":0.2801037132740021},"size":29.56461524963379,"orthographic":false}