{"cameraMode":{"drawMode":0,"name":"Shaded","section":"Shading Mode"},"sceneLighting":true,"audioPlay":false,"sceneViewState":{"showFog":true,"showMaterialUpdate":true,"showSkybox":true,"showFlares":true,"showImageEffects":true,"showParticleSystems":true},"in2DMode":false,"pivot":{"x":1.8753533363342286,"y":4.514352321624756,"z":8.600000381469727},"rotation":{"x":0.01877087540924549,"y":0.9811069965362549,"z":-0.12816588580608369,"w":0.14374691247940064},"size":31.613828659057618,"orthographic":true}