{"cameraMode":{"drawMode":0,"name":"Shaded","section":"Shading Mode"},"sceneLighting":false,"audioPlay":false,"sceneViewState":{"showFog":true,"showMaterialUpdate":true,"showSkybox":false,"showFlares":true,"showImageEffects":true,"showParticleSystems":true},"in2DMode":false,"pivot":{"x":-0.018374811857938768,"y":0.2013694792985916,"z":0.46677523851394656},"rotation":{"x":-0.07931137084960938,"y":0.5474804639816284,"z":0.052221521735191348,"w":0.8314229846000671},"size":3.754880905151367,"orthographic":true}