{"cameraMode":{"drawMode":0,"name":"Shaded","section":"Shading Mode"},"sceneLighting":false,"audioPlay":false,"sceneViewState":{"showFog":true,"showMaterialUpdate":true,"showSkybox":false,"showFlares":true,"showImageEffects":true,"showParticleSystems":true},"in2DMode":false,"pivot":{"x":0.25999999046325686,"y":3.0945000648498537,"z":0.0},"rotation":{"x":0.25850266218185427,"y":0.26692256331443789,"z":-0.07456841319799423,"w":0.925408661365509},"size":13.740084648132325,"orthographic":true}