{"cameraMode":{"drawMode":0,"name":"Shaded","section":"Shading Mode"},"sceneLighting":true,"audioPlay":false,"sceneViewState":{"showFog":true,"showMaterialUpdate":true,"showSkybox":true,"showFlares":true,"showImageEffects":true,"showParticleSystems":true},"in2DMode":false,"pivot":{"x":-38.45914077758789,"y":3.518063545227051,"z":-5.735280990600586},"rotation":{"x":0.34245750308036806,"y":-0.10648961365222931,"z":0.03909361734986305,"w":0.9326668977737427},"size":70.55693817138672,"orthographic":true}