{"cameraMode":{"drawMode":0,"name":"Shaded","section":"Shading Mode"},"sceneLighting":false,"audioPlay":false,"sceneViewState":{"showFog":true,"showMaterialUpdate":false,"showSkybox":false,"showFlares":true,"showImageEffects":true,"showParticleSystems":true},"in2DMode":false,"pivot":{"x":0.049798011779785159,"y":9.659954071044922,"z":0.5210285186767578},"rotation":{"x":-0.0613628514111042,"y":-0.11443093419075012,"z":0.007081381976604462,"w":-0.9915089011192322},"size":53.811710357666019,"orthographic":false}