{"cameraMode":{"drawMode":0,"name":"Shaded","section":"Shading Mode"},"sceneLighting":true,"audioPlay":false,"sceneViewState":{"showFog":true,"showMaterialUpdate":true,"showSkybox":true,"showFlares":true,"showImageEffects":true,"showParticleSystems":true},"in2DMode":false,"pivot":{"x":-103.86151885986328,"y":41.748863220214847,"z":5.20389461517334},"rotation":{"x":0.22005435824394227,"y":0.665280282497406,"z":-0.21524016559123994,"w":0.680192768573761},"size":14.19766616821289,"orthographic":true}