{"cameraMode":{"drawMode":0,"name":"Shaded","section":"Shading Mode"},"sceneLighting":true,"audioPlay":false,"sceneViewState":{"showFog":true,"showMaterialUpdate":true,"showSkybox":true,"showFlares":true,"showImageEffects":true,"showParticleSystems":true},"in2DMode":false,"pivot":{"x":1.4689362049102784,"y":-0.4672216475009918,"z":4.415500164031982},"rotation":{"x":0.12574191391468049,"y":0.5760441422462463,"z":-0.0902431309223175,"w":0.8026341199874878},"size":4.743994235992432,"orthographic":true}