{"cameraMode":{"drawMode":0,"name":"Shaded","section":"Shading Mode"},"sceneLighting":false,"audioPlay":false,"sceneViewState":{"showFog":true,"showMaterialUpdate":true,"showSkybox":false,"showFlares":true,"showImageEffects":true,"showParticleSystems":true},"in2DMode":false,"pivot":{"x":47.99170684814453,"y":10.999900817871094,"z":-13.599881172180176},"rotation":{"x":-0.0075277467258274559,"y":-0.9895541667938232,"z":0.05888751894235611,"w":-0.13192421197891236},"size":7.5677876472473148,"orthographic":true}