{"cameraMode":{"drawMode":0,"name":"Shaded","section":"Shading Mode"},"sceneLighting":true,"audioPlay":false,"sceneViewState":{"showFog":true,"showMaterialUpdate":false,"showSkybox":true,"showFlares":true,"showImageEffects":true,"showParticleSystems":true},"in2DMode":false,"pivot":{"x":-100.24665832519531,"y":39.03634262084961,"z":-11.227812767028809},"rotation":{"x":-0.28649619221687319,"y":-0.2840896248817444,"z":0.08937223255634308,"w":-0.910622239112854},"size":58.180118560791019,"orthographic":false}