{"cameraMode":{"drawMode":0,"name":"Shaded","section":"Shading Mode"},"sceneLighting":false,"audioPlay":false,"sceneViewState":{"showFog":true,"showMaterialUpdate":true,"showSkybox":false,"showFlares":true,"showImageEffects":true,"showParticleSystems":true},"in2DMode":false,"pivot":{"x":-37.57471466064453,"y":31.855274200439454,"z":-45.891578674316409},"rotation":{"x":-0.36485785245895388,"y":-0.009499646723270417,"z":0.003723426954820752,"w":-0.9310084581375122},"size":12.905670166015625,"orthographic":false}