{"cameraMode":{"drawMode":0,"name":"Shaded","section":"Shading Mode"},"sceneLighting":true,"audioPlay":false,"sceneViewState":{"showFog":true,"showMaterialUpdate":true,"showSkybox":true,"showFlares":true,"showImageEffects":true,"showParticleSystems":true},"in2DMode":false,"pivot":{"x":20.700000762939454,"y":13.199999809265137,"z":-44.29999923706055},"rotation":{"x":0.25199323892593386,"y":0.5640909075737,"z":-0.18606078624725343,"w":0.763994574546814},"size":55.251426696777347,"orthographic":false}