{"cameraMode":{"drawMode":0,"name":"Shaded","section":"Shading Mode"},"sceneLighting":false,"audioPlay":false,"sceneViewState":{"showFog":false,"showMaterialUpdate":false,"showSkybox":false,"showFlares":false,"showImageEffects":false,"showParticleSystems":false},"in2DMode":false,"pivot":{"x":-0.4643706679344177,"y":0.34130990505218508,"z":-1.0472489595413209},"rotation":{"x":-0.18758763372898103,"y":-0.6755526065826416,"z":0.18390870094299317,"w":-0.6889848709106445},"size":4.389820098876953,"orthographic":false}