{"cameraMode":{"drawMode":0,"name":"Shaded","section":"Shading Mode"},"sceneLighting":false,"audioPlay":false,"sceneViewState":{"showFog":true,"showMaterialUpdate":true,"showSkybox":false,"showFlares":true,"showImageEffects":true,"showParticleSystems":true},"in2DMode":false,"pivot":{"x":-18.829999923706056,"y":23.239614486694337,"z":-18.450000762939454},"rotation":{"x":0.3608487546443939,"y":-0.17827646434307099,"z":0.07048355042934418,"w":0.9127092957496643},"size":2.6803064346313478,"orthographic":false}