{"cameraMode":{"drawMode":0,"name":"Shaded","section":"Shading Mode"},"sceneLighting":false,"audioPlay":false,"sceneViewState":{"showFog":true,"showMaterialUpdate":false,"showSkybox":false,"showFlares":true,"showImageEffects":true,"showParticleSystems":true},"in2DMode":false,"pivot":{"x":-0.3700000047683716,"y":1.2300000190734864,"z":0.14266449213027955},"rotation":{"x":0.04332255199551582,"y":-0.9560438990592957,"z":0.2221476137638092,"w":0.18645212054252625},"size":5.5468525886535648,"orthographic":false}