{"cameraMode":{"drawMode":0,"name":"Shaded","section":"Shading Mode"},"sceneLighting":true,"audioPlay":false,"sceneViewState":{"showFog":true,"showMaterialUpdate":true,"showSkybox":true,"showFlares":true,"showImageEffects":true,"showParticleSystems":true},"in2DMode":false,"pivot":{"x":205.1147918701172,"y":15.88497543334961,"z":211.11573791503907},"rotation":{"x":0.38118118047714236,"y":0.5307316780090332,"z":-0.289206326007843,"w":0.699612557888031},"size":596.6634521484375,"orthographic":false}