{"cameraMode":{"drawMode":0,"name":"Shaded","section":"Shading Mode"},"sceneLighting":false,"audioPlay":false,"sceneViewState":{"showFog":true,"showMaterialUpdate":false,"showSkybox":false,"showFlares":true,"showImageEffects":true,"showParticleSystems":true},"in2DMode":false,"pivot":{"x":2.6886932849884035,"y":0.054361313581466678,"z":-7.36738395690918},"rotation":{"x":-0.1388809233903885,"y":0.766344428062439,"z":-0.17685820162296296,"w":-0.6017934083938599},"size":17.418209075927736,"orthographic":false}