{"cameraMode":{"drawMode":0,"name":"Shaded","section":"Shading Mode"},"sceneLighting":false,"audioPlay":false,"sceneViewState":{"showFog":false,"showMaterialUpdate":false,"showSkybox":false,"showFlares":false,"showImageEffects":false,"showParticleSystems":false},"in2DMode":false,"pivot":{"x":-4.079999923706055,"y":15.555000305175782,"z":-44.59000015258789},"rotation":{"x":0.2489282786846161,"y":0.11790713667869568,"z":-0.030546823516488076,"w":0.9608390927314758},"size":11.552911758422852,"orthographic":false}