{"cameraMode":{"drawMode":0,"name":"Shaded","section":"Shading Mode"},"sceneLighting":true,"audioPlay":false,"sceneViewState":{"showFog":true,"showMaterialUpdate":true,"showSkybox":true,"showFlares":true,"showImageEffects":true,"showParticleSystems":true},"in2DMode":false,"pivot":{"x":-0.1285306066274643,"y":-0.018867971375584604,"z":1.0050508975982667},"rotation":{"x":-0.1427391618490219,"y":-0.578238844871521,"z":0.10361553728580475,"w":-0.7965736985206604},"size":16.693159103393556,"orthographic":false}