{"cameraMode":{"drawMode":0,"name":"Shaded","section":"Shading Mode"},"sceneLighting":false,"audioPlay":false,"sceneViewState":{"showFog":false,"showMaterialUpdate":false,"showSkybox":false,"showFlares":false,"showImageEffects":false,"showParticleSystems":false},"in2DMode":false,"pivot":{"x":1.2492730617523194,"y":2.353428840637207,"z":0.31424856185913088},"rotation":{"x":-0.13621631264686585,"y":0.048965711146593097,"z":-0.006853643339127302,"w":-0.9894905686378479},"size":18.908775329589845,"orthographic":false}