{"cameraMode":{"drawMode":0,"name":"Shaded","section":"Shading Mode"},"sceneLighting":false,"audioPlay":false,"sceneViewState":{"showFog":false,"showMaterialUpdate":false,"showSkybox":false,"showFlares":false,"showImageEffects":false,"showParticleSystems":false},"in2DMode":false,"pivot":{"x":17.24477767944336,"y":14.281238555908204,"z":-38.31944274902344},"rotation":{"x":0.03853961452841759,"y":-0.9612587690353394,"z":0.20337611436843873,"w":0.18208935856819154},"size":54.00556182861328,"orthographic":false}