{"cameraMode":{"drawMode":0,"name":"Shaded","section":"Shading Mode"},"sceneLighting":false,"audioPlay":false,"sceneViewState":{"showFog":false,"showMaterialUpdate":false,"showSkybox":false,"showFlares":false,"showImageEffects":false,"showParticleSystems":false},"in2DMode":false,"pivot":{"x":2.9714560508728029,"y":0.0949191302061081,"z":-14.20039176940918},"rotation":{"x":0.03853961452841759,"y":-0.9612587690353394,"z":0.20337611436843873,"w":0.18208935856819154},"size":30.474355697631837,"orthographic":false}