{"cameraMode":{"drawMode":0,"name":"Shaded","section":"Shading Mode"},"sceneLighting":false,"audioPlay":false,"sceneViewState":{"showFog":true,"showMaterialUpdate":false,"showSkybox":false,"showFlares":true,"showImageEffects":true,"showParticleSystems":true},"in2DMode":false,"pivot":{"x":312.1666564941406,"y":205.203369140625,"z":0.0},"rotation":{"x":-0.05877291038632393,"y":0.009580225683748722,"z":-0.0005708078970201314,"w":-0.9982304573059082},"size":575.4035034179688,"orthographic":false}