{"cameraMode":{"drawMode":0,"name":"Shaded","section":"Shading Mode"},"sceneLighting":false,"audioPlay":false,"sceneViewState":{"showFog":true,"showMaterialUpdate":true,"showSkybox":false,"showFlares":true,"showImageEffects":true,"showParticleSystems":true},"in2DMode":false,"pivot":{"x":-39.121315002441409,"y":31.006160736083986,"z":-43.786041259765628},"rotation":{"x":-0.29774269461631777,"y":-0.6895542740821838,"z":0.3805769681930542,"w":-0.5394849181175232},"size":5.979818820953369,"orthographic":false}