{"cameraMode":{"drawMode":0,"name":"Shaded","section":"Shading Mode"},"sceneLighting":false,"audioPlay":false,"sceneViewState":{"showFog":false,"showMaterialUpdate":false,"showSkybox":false,"showFlares":false,"showImageEffects":false,"showParticleSystems":false},"in2DMode":false,"pivot":{"x":-11.578535079956055,"y":26.549787521362306,"z":-129.38638305664063},"rotation":{"x":-0.1081622838973999,"y":-0.8881171941757202,"z":0.356073260307312,"w":-0.26976287364959719},"size":34.61301040649414,"orthographic":false}