{"cameraMode":{"drawMode":0,"name":"Shaded","section":"Shading Mode"},"sceneLighting":false,"audioPlay":false,"sceneViewState":{"showFog":true,"showMaterialUpdate":true,"showSkybox":false,"showFlares":true,"showImageEffects":true,"showParticleSystems":true},"in2DMode":false,"pivot":{"x":-0.18745297193527223,"y":7.593585968017578,"z":-0.561054527759552},"rotation":{"x":-0.1862240731716156,"y":-0.7401694059371948,"z":0.22799649834632874,"w":-0.6045612692832947},"size":20.48489761352539,"orthographic":false}