{"cameraMode":{"drawMode":0,"name":"Shaded","section":"Shading Mode"},"sceneLighting":false,"audioPlay":false,"sceneViewState":{"showFog":false,"showMaterialUpdate":false,"showSkybox":false,"showFlares":false,"showImageEffects":false,"showParticleSystems":false},"in2DMode":false,"pivot":{"x":-50.40983581542969,"y":35.09450149536133,"z":-44.940185546875},"rotation":{"x":-0.2154129296541214,"y":-0.333379864692688,"z":0.07847607880830765,"w":-0.9145433306694031},"size":13.740084648132325,"orthographic":false}