{"cameraMode":{"drawMode":0,"name":"Shaded","section":"Shading Mode"},"sceneLighting":false,"audioPlay":false,"sceneViewState":{"showFog":false,"showMaterialUpdate":false,"showSkybox":false,"showFlares":false,"showImageEffects":false,"showParticleSystems":false},"in2DMode":false,"pivot":{"x":353.00006103515627,"y":198.49998474121095,"z":-9.5367431640625e-7},"rotation":{"x":0.01593768037855625,"y":0.8883850574493408,"z":-0.4577815532684326,"w":0.030929122120141984},"size":1336.4443359375,"orthographic":false}