{"cameraMode":{"drawMode":0,"name":"Shaded","section":"Shading Mode"},"sceneLighting":true,"audioPlay":false,"sceneViewState":{"showFog":true,"showMaterialUpdate":false,"showSkybox":true,"showFlares":true,"showImageEffects":true,"showParticleSystems":true},"in2DMode":false,"pivot":{"x":-100.24665832519531,"y":39.03634262084961,"z":-11.227812767028809},"rotation":{"x":0.0037681018002331259,"y":0.4381992220878601,"z":0.0018339636735618115,"w":-0.8988721370697022},"size":18.221105575561525,"orthographic":false}