{"cameraMode":{"drawMode":0,"name":"Shaded","section":"Shading Mode"},"sceneLighting":true,"audioPlay":false,"sceneViewState":{"showFog":true,"showMaterialUpdate":true,"showSkybox":true,"showFlares":true,"showImageEffects":true,"showParticleSystems":true},"in2DMode":false,"pivot":{"x":109.61000061035156,"y":11.720000267028809,"z":93.31999969482422},"rotation":{"x":-0.1389826536178589,"y":-0.638914942741394,"z":0.11884177476167679,"w":-0.7472385168075562},"size":15.338627815246582,"orthographic":false}