{"cameraMode":{"drawMode":0,"name":"Shaded","section":"Shading Mode"},"sceneLighting":false,"audioPlay":false,"sceneViewState":{"showFog":true,"showMaterialUpdate":true,"showSkybox":false,"showFlares":true,"showImageEffects":true,"showParticleSystems":true},"in2DMode":false,"pivot":{"x":0.049798011779785159,"y":9.659954071044922,"z":0.5210285186767578},"rotation":{"x":-0.1119154617190361,"y":-0.7231323719024658,"z":0.12064173072576523,"w":-0.6708274483680725},"size":59.01469421386719,"orthographic":false}