{"cameraMode":{"drawMode":0,"name":"Shaded","section":"Shading Mode"},"sceneLighting":true,"audioPlay":false,"sceneViewState":{"showFog":true,"showMaterialUpdate":true,"showSkybox":true,"showFlares":true,"showImageEffects":true,"showParticleSystems":true},"in2DMode":false,"pivot":{"x":-36.75,"y":32.689998626708987,"z":-46.34000015258789},"rotation":{"x":0.3608487546443939,"y":-0.17827646434307099,"z":0.07048355042934418,"w":0.9127092957496643},"size":11.864143371582032,"orthographic":false}