{"cameraMode":{"drawMode":0,"name":"Shaded","section":"Shading Mode"},"sceneLighting":true,"audioPlay":false,"sceneViewState":{"showFog":true,"showMaterialUpdate":true,"showSkybox":true,"showFlares":true,"showImageEffects":true,"showParticleSystems":true},"in2DMode":false,"pivot":{"x":-8.414870262145996,"y":0.34130990505218508,"z":-4.786005020141602},"rotation":{"x":0.04567393660545349,"y":0.912801206111908,"z":-0.10645713657140732,"w":0.3916374742984772},"size":4.55878210067749,"orthographic":false}