{"cameraMode":{"drawMode":0,"name":"Shaded","section":"Shading Mode"},"sceneLighting":false,"audioPlay":false,"sceneViewState":{"showFog":true,"showMaterialUpdate":false,"showSkybox":false,"showFlares":true,"showImageEffects":true,"showParticleSystems":true},"in2DMode":false,"pivot":{"x":0.0,"y":2.7300000190734865,"z":6.46999979019165},"rotation":{"x":0.28388264775276186,"y":0.054082177579402927,"z":-0.016039520502090455,"w":0.9572114944458008},"size":3.1669859886169435,"orthographic":false}