{"cameraMode":{"drawMode":0,"name":"Shaded","section":"Shading Mode"},"sceneLighting":false,"audioPlay":false,"sceneViewState":{"showFog":true,"showMaterialUpdate":false,"showSkybox":false,"showFlares":true,"showImageEffects":true,"showParticleSystems":true},"in2DMode":false,"pivot":{"x":-1.3301401138305665,"y":1.7971935272216797,"z":-0.33558130264282229},"rotation":{"x":-0.05530373752117157,"y":0.9446532130241394,"z":-0.22399024665355683,"w":-0.23332354426383973},"size":40.010372161865237,"orthographic":false}