{"cameraMode":{"drawMode":0,"name":"Shaded","section":"Shading Mode"},"sceneLighting":false,"audioPlay":false,"sceneViewState":{"showFog":true,"showMaterialUpdate":false,"showSkybox":false,"showFlares":true,"showImageEffects":true,"showParticleSystems":true},"in2DMode":false,"pivot":{"x":4.291999816894531,"y":-0.27719998359680178,"z":-4.510000228881836},"rotation":{"x":0.11648951470851898,"y":-0.6215475797653198,"z":0.09410733729600907,"w":0.7689976692199707},"size":8.347455978393555,"orthographic":false}