{"cameraMode":{"drawMode":0,"name":"Shaded","section":"Shading Mode"},"sceneLighting":false,"audioPlay":false,"sceneViewState":{"showFog":true,"showMaterialUpdate":false,"showSkybox":false,"showFlares":true,"showImageEffects":true,"showParticleSystems":true},"in2DMode":false,"pivot":{"x":2.6886932849884035,"y":0.054361313581466678,"z":-7.36738395690918},"rotation":{"x":0.017095377668738366,"y":0.7490168213844299,"z":-0.019332315772771837,"w":0.6620672941207886},"size":17.418209075927736,"orthographic":false}