{"cameraMode":{"drawMode":0,"name":"Shaded","section":"Shading Mode"},"sceneLighting":false,"audioPlay":false,"sceneViewState":{"showFog":true,"showMaterialUpdate":false,"showSkybox":false,"showFlares":true,"showImageEffects":true,"showParticleSystems":true},"in2DMode":false,"pivot":{"x":125.81471252441406,"y":16.655818939208986,"z":93.46732330322266},"rotation":{"x":0.017095377668738366,"y":0.7490168213844299,"z":-0.019332315772771837,"w":0.6620672941207886},"size":17.654651641845704,"orthographic":false}