{"cameraMode":{"drawMode":0,"name":"Shaded","section":"Shading Mode"},"sceneLighting":true,"audioPlay":false,"sceneViewState":{"showFog":true,"showMaterialUpdate":false,"showSkybox":false,"showFlares":true,"showImageEffects":true,"showParticleSystems":true},"in2DMode":false,"pivot":{"x":-10.665205001831055,"y":0.10122299194335938,"z":0.0170135498046875},"rotation":{"x":0.40806180238723757,"y":0.0024988329969346525,"z":-0.0011476489016786218,"w":0.9130027294158936},"size":104.39332580566406,"orthographic":false}