{"cameraMode":{"drawMode":0,"name":"Shaded","section":"Shading Mode"},"sceneLighting":false,"audioPlay":false,"sceneViewState":{"showFog":true,"showMaterialUpdate":false,"showSkybox":false,"showFlares":true,"showImageEffects":true,"showParticleSystems":true},"in2DMode":false,"pivot":{"x":1.477389931678772,"y":1.4965771436691285,"z":2.1047699451446535},"rotation":{"x":-0.0006377490353770554,"y":0.9918498992919922,"z":-0.12746256589889527,"w":-0.005103156436234713},"size":5.241659164428711,"orthographic":false}