{"cameraMode":{"drawMode":0,"name":"Shaded","section":"Shading Mode"},"sceneLighting":true,"audioPlay":false,"sceneViewState":{"showFog":true,"showMaterialUpdate":false,"showSkybox":true,"showFlares":true,"showImageEffects":true,"showParticleSystems":true},"in2DMode":false,"pivot":{"x":296.5450744628906,"y":84.72450256347656,"z":187.87936401367188},"rotation":{"x":-0.3044448792934418,"y":-0.3557645082473755,"z":0.12369223684072495,"w":-0.874976634979248},"size":275.8402099609375,"orthographic":false}